户型,楼层,面积,装修情况,价格,小区,区域,配置电梯,挂牌时间,房屋用途,单价
2室2厅,高楼层/共12层,100.49,平层/毛坯,438.0,格瑞雅居,通州,配备电梯,2023年12月31日,普通住宅,43587
3室1厅,顶层/共9层,114.5,平层/精装,549.0,天时名苑,通州,配备电梯,2023年12月28日,普通住宅,47948
2室1厅,低楼层/共13层,89.53,平层/简装,398.0,时尚街区东区,通州,配备电梯,2023年12月28日,普通住宅,44455
2室1厅,低楼层/共6层,105.02,平层/简装,450.0,天赐良园二期半,通州,无,2023年12月28日,普通住宅,42849
2室1厅,高楼层/共9层,97.42,平层/精装,415.0,日光清城,通州,配备电梯,2023年12月30日,普通住宅,42600
2室1厅,低楼层/共27层,71.58,平层/精装,466.0,金融街武夷融御,通州,配备电梯,2023年12月30日,普通住宅,65102
2室1厅,高楼层/共29层,72.46,平层/精装,295.0,方恒东景,通州,配备电梯,2023年12月29日,普通住宅,40713
3室1厅,底层/共10层,80.96,平层/精装,286.0,珠江丽景家园,通州,配备电梯,2023年12月31日,普通住宅,35327
2室1厅,中楼层/共6层,58.38,平层/简装,220.0,新城东里,通州,无,2023年12月27日,普通住宅,37685
2室1厅,中楼层/共6层,60.69,平层/简装,219.0,东方生活区,通州,无,2023年12月28日,普通住宅,36086
2室1厅,低楼层/共21层,79.39,平层/其他,268.0,东亚瑞晶苑,通州,配备电梯,2023年12月27日,普通住宅,33758
2室1厅,高楼层/共18层,75.67,平层/简装,295.0,金地格林格林,通州,配备电梯,2023年12月27日,普通住宅,38986
2室2厅,低楼层/共18层,87.64,平层/简装,420.0,蓝调沙龙东区,通州,配备电梯,2023年12月27日,普通住宅,47924
2室1厅,低楼层/共6层,89.69,平层/精装,328.0,迎喜家园,通州,无,2023年12月25日,普通住宅,36571
2室1厅,中楼层/共21层,77.16,平层/简装,285.0,通瑞嘉苑西区,通州,配备电梯,2023年12月25日,普通住宅,36937
2室2厅,低楼层/共6层,60.97,平层/精装,195.0,北机家属院,通州,无,2023年12月24日,普通住宅,31983
2室1厅,中楼层/共6层,63.33,平层/精装,269.0,葛布店东里,通州,无,2023年12月23日,普通住宅,42476
2室1厅,底层/共4层,61.97,平层/简装,312.0,帅府园,通州,无,2023年12月23日,普通住宅,50347
1室1厅,高楼层/共27层,66.43,平层/精装,328.0,华业东方玫瑰C区,通州,配备电梯,2023年12月23日,普通住宅,49376
2室1厅,顶层/共6层,64.99,平层/精装,218.0,玉桥北里,通州,无,2023年12月22日,普通住宅,33544
1室1厅,低楼层/共6层,67.97,平层/其他,218.0,翠福园,通州,无,2023年12月21日,普通住宅,32073
2室2厅,低楼层/共7层,94.9,平层/简装,300.0,新华小区,通州,无,2023年12月21日,普通住宅,31613
1室0厅,低楼层/共22层,55,平层/其他,175.0,房地远洋悦山水,通州,配备电梯,2023年12月21日,普通住宅,31819
3室1厅,中楼层/共6层,85.12,平层/精装,335.0,华兴园,通州,无,2023年12月21日,普通住宅,39357
3室2厅,高楼层/共27层,131.49,平层/精装,685.0,华业东方玫瑰A区,通州,配备电梯,2023年12月22日,普通住宅,52096
2室1厅,低楼层/共6层,88.06,平层/简装,338.0,阿尔法社区三期,通州,无,2023年12月22日,普通住宅,38383
1室1厅,顶层/共15层,56.31,平层/简装,158.0,富力尚悦居D区,通州,配备电梯,2023年12月27日,普通住宅,28059
2室2厅,中楼层/共12层,104.55,平层/精装,489.0,荔景园,通州,配备电梯,2023年12月20日,普通住宅,46772
3室1厅,高楼层/共6层,104.22,平层/简装,239.0,疃里庄园,通州,无,2023年12月22日,普通住宅,22933
1室1厅,顶层/共4层,59.21,平层/精装,236.0,蓝调沙龙东区,通州,无,2023年12月21日,普通住宅,39859
2室1厅,高楼层/共28层,78.71,平层/简装,285.0,新城乐居,通州,配备电梯,2023年12月21日,普通住宅,36209
1室1厅,顶层/共12层,65.83,平层/精装,303.0,当代名筑,通州,配备电梯,2023年12月20日,普通住宅,46028
3室1厅,顶层/共6层,101.81,平层/简装,315.0,梨园东里,通州,无,2023年12月20日,普通住宅,30940
2室1厅,顶层/共6层,78.99,平层/精装,208.0,西潞苑小区,通州,无,2023年12月21日,普通住宅,26333
2室1厅,中楼层/共15层,85.81,平层/精装,360.0,新城阳光,通州,配备电梯,2023年12月20日,普通住宅,41954
2室1厅,中楼层/共31层,104.58,平层/简装,445.0,世纪星城三期,通州,配备电梯,2023年12月20日,普通住宅,42552
2室1厅,中楼层/共6层,70.33,平层/简装,210.0,徐辛庄,通州,无,2023年12月18日,普通住宅,29860
2室1厅,低楼层/共6层,85.09,平层/精装,372.0,幸福艺居,通州,无,2023年12月18日,普通住宅,43719
3室2厅,高楼层/共18层,131.91,平层/精装,530.0,潇雅居,通州,配备电梯,2023年12月21日,普通住宅,40179
3室1厅,低楼层/共28层,91.44,平层/简装,359.0,新城乐居,通州,配备电梯,2023年12月17日,普通住宅,39261
2室1厅,低楼层/共26层,99.11,平层/精装,340.0,财富东方,通州,配备电梯,2023年12月20日,普通住宅,34306
2室1厅,低楼层/共20层,78.23,平层/精装,265.0,时尚街区西区,通州,配备电梯,2023年12月17日,普通住宅,33875
2室1厅,低楼层/共9层,94.39,平层/简装,398.0,博客园,通州,配备电梯,2023年12月18日,普通住宅,42166
3室1厅,中楼层/共18层,89.13,平层/精装,428.0,珠江东都国际,通州,配备电梯,2023年12月17日,普通住宅,48020
2室1厅,中楼层/共5层,53,平层/简装,215.0,通惠南路,通州,无,2023年12月24日,普通住宅,40567
2室1厅,高楼层/共15层,71.16,平层/简装,268.0,金隅七零九零,通州,配备电梯,2023年12月17日,普通住宅,37662
1室1厅,低楼层/共27层,45.18,平层/精装,196.0,海棠湾一期,通州,配备电梯,2023年12月18日,普通住宅,43383
1室0厅,中楼层/共24层,51.64,平层/毛坯,295.0,鼎晟国际,通州,配备电梯,2023年12月16日,普通住宅,57127
3室1厅,中楼层/共10层,93.54,平层/简装,425.0,珠江丽景家园,通州,配备电梯,2023年12月16日,普通住宅,45436
2室1厅,中楼层/共5层,50.11,平层/精装,199.0,天桥湾,通州,无,2023年12月18日,普通住宅,39713
2室1厅,中楼层/共12层,94.75,平层/精装,320.0,莲水怡园,通州,配备电梯,2023年12月20日,普通住宅,33774
2室1厅,高楼层/共15层,89.98,平层/精装,319.0,大方居,通州,配备电梯,2023年12月16日,普通住宅,35453
2室1厅,高楼层/共28层,73.09,平层/精装,289.0,怡然世家,通州,配备电梯,2023年12月15日,普通住宅,39541
2室1厅,中楼层/共28层,83.4,平层/精装,315.0,通瑞嘉苑东区,通州,配备电梯,2023年12月16日,普通住宅,37770
2室1厅,低楼层/共6层,83.09,平层/精装,245.0,西果园18号,通州,无,2023年12月15日,普通住宅,29487
2室1厅,中楼层/共7层,87.82,平层/简装,435.0,武夷花园牡丹园,通州,无,2023年12月22日,普通住宅,49534
2室1厅,高楼层/共25层,68.33,平层/精装,307.0,通典铭居,通州,配备电梯,2023年12月15日,普通住宅,44930
2室1厅,高楼层/共21层,74.11,平层/简装,310.0,北人家园,通州,配备电梯,2023年12月15日,普通住宅,41830
2室1厅,低楼层/共27层,75.75,平层/精装,360.0,华业东方玫瑰A区,通州,配备电梯,2023年12月27日,普通住宅,47525
2室1厅,高楼层/共28层,86.69,平层/精装,465.0,京贸国际城,通州,配备电梯,2023年12月17日,普通住宅,53640
3室1厅,底层/共28层,90.28,平层/简装,330.0,通瑞嘉苑西区,通州,配备电梯,2023年12月15日,普通住宅,36553
2室1厅,底层/共6层,74.88,平层/简装,235.0,西马庄园,通州,无,2023年12月13日,普通住宅,31384
2室1厅,中楼层/共28层,74.34,平层/简装,280.0,通瑞嘉苑西区,通州,配备电梯,2023年12月13日,普通住宅,37665
3室1厅,高楼层/共11层,88.19,平层/精装,440.0,润枫领尚,通州,配备电梯,2023年12月16日,普通住宅,49893
1室1厅,低楼层/共20层,48.51,平层/精装,155.0,长城国际,通州,配备电梯,2023年12月12日,普通住宅,31953
2室1厅,底层/共6层,70.44,平层/精装,258.0,源泉苑,通州,无,2023年12月16日,普通住宅,36627
2室1厅,低楼层/共20层,82.37,平层/精装,550.0,百合湾东区,通州,配备电梯,2023年12月11日,普通住宅,66772
2室1厅,中楼层/共15层,72.22,平层/简装,260.0,金隅七零九零,通州,配备电梯,2023年12月10日,普通住宅,36002
2室2厅,低楼层/共18层,90.69,平层/简装,448.0,合生滨江帝景二期,通州,配备电梯,2023年12月13日,普通住宅,49400
2室1厅,高楼层/共6层,88.86,平层/精装,339.0,华兴园,通州,无,2023年12月10日,普通住宅,38150
3室2厅,中楼层/共8层,106.31,平层/精装,358.0,首开香溪郡,通州,配备电梯,2023年12月11日,普通住宅,33676
2室1厅,中楼层/共5层,92,平层/精装,329.0,旗舰凯旋一期,通州,无,2023年12月10日,普通住宅,35761
3室1厅,顶层/共28层,90.71,平层/精装,348.0,通瑞嘉苑西区,通州,配备电梯,2023年12月17日,普通住宅,38365
2室1厅,高楼层/共25层,98.96,平层/精装,440.0,华业东方玫瑰D区,通州,配备电梯,2023年12月10日,普通住宅,44463
1室1厅,低楼层/共27层,63.83,平层/精装,278.0,华业东方玫瑰A区,通州,配备电梯,2023年12月10日,普通住宅,43554
3室1厅,高楼层/共18层,99.39,平层/精装,546.0,合生滨江帝景二期,通州,配备电梯,2023年12月10日,普通住宅,54936
2室1厅,中楼层/共16层,75.76,平层/其他,270.0,首开国风美仑,通州,配备电梯,2023年12月13日,普通住宅,35639
2室1厅,顶层/共20层,88.47,平层/精装,315.0,富力尚悦居A区,通州,配备电梯,2023年12月10日,普通住宅,35606
3室1厅,中楼层/共8层,88.5,平层/精装,518.0,珠江东都国际,通州,配备电梯,2023年12月09日,普通住宅,58532
2室1厅,低楼层/共28层,74.34,平层/精装,285.0,通瑞嘉苑西区,通州,配备电梯,2023年12月13日,普通住宅,38338
2室1厅,中楼层/共16层,93.18,平层/简装,399.0,DBC加州小镇C区,通州,配备电梯,2023年12月10日,普通住宅,42821
1室1厅,高楼层/共27层,58.01,平层/简装,215.0,华远铭悦园,通州,配备电梯,2023年12月07日,普通住宅,37063
2室1厅,中楼层/共6层,84.9,平层/精装,389.0,翠屏北里东区,通州,无,2023年12月09日,普通住宅,45819
2室1厅,底层/共22层,88.38,平层/精装,235.0,大方居,通州,配备电梯,2023年12月08日,普通住宅,26590
2室1厅,顶层/共6层,63.51,平层/简装,175.0,玉桥中路2号院,通州,无,2023年12月06日,普通住宅,27555
1室1厅,中楼层/共15层,52.9,平层/其他,159.0,富力尚悦居B区,通州,配备电梯,2023年12月07日,普通住宅,30057
1室1厅,低楼层/共24层,72.45,平层/简装,279.0,通典铭居,通州,配备电梯,2023年12月07日,普通住宅,38510
3室1厅,高楼层/共21层,91.56,平层/简装,360.0,富力惠兰美居,通州,配备电梯,2023年12月08日,普通住宅,39319
2室2厅,中楼层/共6层,87.42,平层/简装,275.0,西马庄园,通州,无,2023年12月06日,普通住宅,31458
2室1厅,高楼层/共28层,86.93,平层/毛坯,320.0,东惠家园4号院,通州,无,2023年12月06日,普通住宅,36812
2室1厅,中楼层/共6层,81.64,平层/精装,320.0,杨庄22号院,通州,无,2023年12月06日,普通住宅,39197
3室1厅,中楼层/共7层,78.4,平层/简装,238.0,西上园老三区,通州,无,2023年12月05日,普通住宅,30358
2室1厅,顶层/共6层,82.51,平层/精装,239.0,梨园东里,通州,无,2023年12月04日,普通住宅,28967
3室2厅,高楼层/共27层,130.77,平层/精装,815.0,K2玉蘭湾,通州,配备电梯,2023年12月05日,普通住宅,62324
2室1厅,高楼层/共18层,89.31,平层/精装,456.0,合生滨江帝景一期,通州,配备电梯,2023年12月08日,普通住宅,51059
2室2厅,中楼层/共6层,98.46,平层/精装,400.0,蓝调沙龙西区,通州,无,2023年12月03日,普通住宅,40626
3室1厅,顶层/共15层,113.3,平层/简装,425.0,金隅七零九零,通州,配备电梯,2023年12月02日,普通住宅,37512
2室1厅,高楼层/共35层,81.36,平层/精装,469.0,京贸国际城,通州,配备电梯,2023年12月04日,普通住宅,57646
2室1厅,低楼层/共11层,90.38,平层/精装,382.0,DBC加州小镇C区,通州,配备电梯,2023年12月04日,普通住宅,42266
1室1厅,低楼层/共28层,56.12,平层/简装,205.0,怡然世家,通州,配备电梯,2023年12月01日,普通住宅,36529
2室1厅,中楼层/共7层,96.33,平层/简装,459.0,香林郡,通州,无,2023年12月28日,普通住宅,47649
2室1厅,低楼层/共6层,52.6,平层/简装,183.0,北苑南路34号院,通州,无,2023年11月30日,普通住宅,34791
2室1厅,顶层/共6层,69.39,平层/精装,207.0,玉桥东路36号院,通州,无,2023年11月30日,普通住宅,29832
3室1厅,高楼层/共27层,112.13,平层/精装,520.0,合生滨江帝景一期,通州,配备电梯,2023年11月30日,普通住宅,46375
2室1厅,中楼层/共14层,90.84,平层/简装,266.0,珠江逸景,通州,配备电梯,2023年11月30日,普通住宅,29283
2室1厅,底层/共19层,81.31,平层/简装,232.0,东亚瑞晶苑,通州,配备电梯,2023年12月02日,普通住宅,28533
2室1厅,底层/共15层,71.46,平层/精装,258.0,金隅七零九零,通州,配备电梯,2023年12月01日,普通住宅,36105
2室2厅,顶层/共9层,101.84,平层/精装,389.0,珠江拉维小镇,通州,配备电梯,2023年12月02日,普通住宅,38198
3室1厅,中楼层/共17层,87.98,平层/精装,320.0,通瑞嘉苑西区,通州,配备电梯,2023年11月27日,普通住宅,36372
3室2厅,中楼层/共18层,141.26,平层/精装,925.0,万方家园,通州,配备电梯,2023年12月02日,普通住宅,65483
3室2厅,中楼层/共8层,94.03,平层/精装,315.0,首开香溪郡,通州,配备电梯,2023年12月08日,普通住宅,33500
2室1厅,高楼层/共10层,93.4,平层/简装,353.0,珠江拉维小镇,通州,配备电梯,2023年12月02日,普通住宅,37795
2室1厅,高楼层/共6层,56.91,平层/简装,186.0,玉桥北里,通州,无,2023年11月26日,普通住宅,32684
1室1厅,低楼层/共11层,49.01,平层/精装,195.0,玉桥东里,通州,配备电梯,2023年12月05日,普通住宅,39788
1室1厅,中楼层/共24层,50.75,平层/其他,330.0,金融街武夷融御,通州,配备电梯,2023年11月26日,普通住宅,65025
1室1厅,中楼层/共11层,58.6,平层/精装,206.0,巴克摩界,通州,配备电梯,2023年11月26日,普通住宅,35154
2室1厅,高楼层/共27层,89.08,平层/精装,443.0,华业东方玫瑰C区,通州,配备电梯,2023年11月25日,普通住宅,49731
1室1厅,低楼层/共21层,67.42,平层/简装,280.0,时尚街区东区,通州,配备电梯,2023年11月25日,普通住宅,41531
2室1厅,高楼层/共15层,94.01,平层/简装,378.0,新城阳光,通州,配备电梯,2023年11月24日,普通住宅,40209
1室1厅,中楼层/共21层,51.51,平层/简装,195.0,新通国际花园,通州,配备电梯,2023年11月24日,普通住宅,37857
3室2厅,中楼层/共15层,126.17,平层/简装,598.0,瑞都公园世家南区,通州,配备电梯,2023年11月24日,普通住宅,47397
2室1厅,低楼层/共9层,120.77,错层/精装,439.0,珠江国际城八区,通州,配备电梯,2023年11月25日,普通住宅,36351
2室1厅,底层/共6层,76.26,平层/毛坯,295.0,潞河中学北街,通州,无,2023年11月30日,普通住宅,38684
2室1厅,中楼层/共6层,92.29,平层/精装,359.0,旗舰凯旋二三期,通州,无,2023年11月25日,普通住宅,38900
3室1厅,高楼层/共10层,98.96,平层/其他,380.0,融科钧廷,通州,配备电梯,2023年11月24日,普通住宅,38400
3室1厅,低楼层/共28层,90.71,平层/精装,340.0,通瑞嘉苑西区,通州,配备电梯,2023年11月23日,普通住宅,37483
2室1厅,底层/共7层,82.52,平层/简装,325.0,时尚街区西区,通州,无,2023年11月23日,普通住宅,39385
2室1厅,低楼层/共6层,98.3,平层/精装,480.0,当代名筑,通州,无,2023年11月24日,普通住宅,48831
2室1厅,中楼层/共14层,93.83,平层/精装,278.0,合生世界村,通州,配备电梯,2023年11月25日,普通住宅,29629
3室2厅,高楼层/共12层,137.09,平层/精装,630.0,世纪星城,通州,配备电梯,2023年12月17日,普通住宅,45956
2室1厅,底层/共6层,68.64,平层/简装,215.0,西潞苑小区,通州,无,2023年11月22日,普通住宅,31323
1室1厅,中楼层/共24层,51.81,平层/精装,198.0,玉桥东里,通州,配备电梯,2023年11月23日,普通住宅,38217
4室2厅,中楼层/共10层,123.56,平层/精装,559.0,亦庄橡树湾,通州,配备电梯,2023年11月23日,普通住宅,45242
2室1厅,高楼层/共6层,78.79,平层/简装,265.0,云景西里南区,通州,无,2023年11月22日,普通住宅,33634
2室1厅,中楼层/共32层,91.56,平层/简装,478.0,京贸国际城,通州,配备电梯,2023年11月23日,普通住宅,52207
1室0厅,高楼层/共24层,58.25,平层/简装,185.0,京贸中心,通州,配备电梯,2023年11月24日,普通住宅,31760
2室1厅,中楼层/共28层,73.45,平层/简装,245.0,通瑞嘉苑西区,通州,配备电梯,2023年11月23日,普通住宅,33357
2室1厅,中楼层/共22层,89.17,平层/精装,466.0,京贸国际城,通州,配备电梯,2023年11月22日,普通住宅,52260
3室2厅,低楼层/共6层,127.05,错层/精装,495.0,DBC加州小镇,通州,无,2023年12月22日,普通住宅,38962
1室1厅,高楼层/共19层,65.3,平层/简装,252.0,时尚街区东区,通州,配备电梯,2023年11月24日,普通住宅,38592
2室2厅,中楼层/共18层,99.14,平层/精装,445.0,世纪星城三期,通州,配备电梯,2023年11月20日,普通住宅,44887
3室1厅,中楼层/共6层,110.92,平层/精装,435.0,阿尔法社区三期,通州,无,2023年11月20日,普通住宅,39218
2室1厅,中楼层/共35层,91.44,平层/精装,569.0,京贸国际城,通州,配备电梯,2023年11月26日,普通住宅,62227
2室2厅,中楼层/共31层,102.25,平层/简装,429.0,世纪星城三期,通州,配备电梯,2023年11月23日,普通住宅,41956
2室1厅,高楼层/共10层,78.01,平层/精装,239.0,珠江丽景家园,通州,配备电梯,2023年11月20日,普通住宅,30638
3室1厅,高楼层/共26层,130.68,平层/精装,469.0,财富东方,通州,配备电梯,2023年11月20日,普通住宅,35890
3室1厅,中楼层/共27层,135.26,平层/精装,700.0,华业东方玫瑰D区,通州,配备电梯,2023年11月25日,普通住宅,51753
2室1厅,中楼层/共16层,72.92,平层/简装,330.0,北人家园,通州,配备电梯,2023年11月19日,普通住宅,45256
2室1厅,顶层/共28层,76.81,平层/精装,289.0,通瑞嘉苑西区,通州,配备电梯,2023年11月18日,普通住宅,37626
2室2厅,低楼层/共27层,92.17,平层/精装,420.0,华业东方玫瑰A区,通州,配备电梯,2023年11月19日,普通住宅,45568
3室1厅,低楼层/共6层,62.74,平层/简装,229.0,西营前街,通州,无,2023年11月20日,普通住宅,36500
2室1厅,高楼层/共35层,80.97,平层/精装,473.0,京贸国际城,通州,配备电梯,2023年11月19日,普通住宅,58417
2室2厅,中楼层/共10层,91.85,平层/简装,468.0,世纪星城,通州,配备电梯,2023年11月18日,普通住宅,50953
2室1厅,低楼层/共6层,68.44,平层/精装,236.0,云景西里南区,通州,无,2023年11月20日,普通住宅,34483
2室1厅,高楼层/共28层,76.48,平层/精装,280.0,华远铭悦园,通州,配备电梯,2023年11月17日,普通住宅,36611
1室1厅,低楼层/共22层,54.01,平层/精装,189.0,长城国际,通州,配备电梯,2023年11月18日,普通住宅,34994
3室2厅,高楼层/共20层,87.5,平层/精装,688.0,百合湾东区,通州,配备电梯,2023年11月18日,普通住宅,78629
2室1厅,底层/共6层,61.67,平层/简装,309.0,帅府园,通州,无,2023年11月17日,普通住宅,50106
2室1厅,高楼层/共17层,70.69,平层/精装,285.0,通瑞嘉苑西区,通州,配备电梯,2023年11月17日,普通住宅,40317
1室1厅,高楼层/共31层,79.02,平层/精装,338.0,北京ONE,通州,配备电梯,2023年11月20日,普通住宅,42774
2室1厅,低楼层/共27层,86.59,平层/精装,429.0,K2清水湾,通州,配备电梯,2023年11月18日,普通住宅,49544
2室1厅,中楼层/共11层,68.82,平层/精装,278.0,日光清城,通州,配备电梯,2023年11月16日,普通住宅,40396
2室1厅,中楼层/共13层,77.2,平层/精装,298.0,时尚街区东区,通州,配备电梯,2023年11月16日,普通住宅,38602
2室1厅,低楼层/共6层,88.52,平层/简装,330.0,杨庄22号院,通州,无,2023年11月15日,普通住宅,37280
2室1厅,低楼层/共22层,89.4,平层/简装,258.0,中建雅颂居,通州,配备电梯,2023年11月16日,普通住宅,28860
2室1厅,低楼层/共21层,76.39,平层/精装,399.0,首开万科城市之光,通州,配备电梯,2023年11月17日,普通住宅,52232
2室1厅,底层/共6层,58.98,平层/简装,219.0,葛布店南里,通州,无,2023年11月15日,普通住宅,37132
3室2厅,高楼层/共28层,90.71,平层/简装,364.0,通瑞嘉苑西区,通州,配备电梯,2023年11月15日,普通住宅,40128
2室2厅,中楼层/共22层,88.44,平层/简装,279.0,大方居,通州,配备电梯,2023年11月14日,普通住宅,31547
2室1厅,高楼层/共28层,76.81,平层/精装,297.0,通瑞嘉苑西区,通州,配备电梯,2023年11月28日,普通住宅,38667
2室1厅,低楼层/共27层,78.06,平层/精装,369.0,华业东方玫瑰A区,通州,配备电梯,2023年11月15日,普通住宅,47272
1室1厅,低楼层/共19层,61.7,平层/精装,204.8,东亚瑞晶苑,通州,配备电梯,2023年11月15日,普通住宅,33193
2室2厅,低楼层/共28层,83.47,平层/精装,318.0,通瑞嘉苑东区,通州,配备电梯,2023年11月13日,普通住宅,38098
3室2厅,中楼层/共6层,99.34,平层/简装,345.0,艺苑东里,通州,无,2023年11月14日,普通住宅,34730
2室1厅,高楼层/共16层,73.8,平层/精装,255.0,首开国风美仑,通州,配备电梯,2023年11月12日,普通住宅,34553
2室1厅,中楼层/共35层,88.09,平层/精装,525.0,京贸国际城,通州,配备电梯,2023年11月12日,普通住宅,59599
2室1厅,中楼层/共24层,82.79,平层/简装,379.0,海棠湾一期,通州,配备电梯,2023年11月12日,普通住宅,45779
2室1厅,低楼层/共7层,89.99,平层/精装,409.0,新华联家园北区,通州,无,2023年11月12日,普通住宅,45450
1室0厅,底层/共18层,50.42,平层/简装,185.0,新通国际花园,通州,配备电梯,2023年11月14日,普通住宅,36692
2室1厅,高楼层/共21层,88.27,平层/其他,355.0,米拉小镇,通州,配备电梯,2023年11月12日,普通住宅,40218
2室2厅,低楼层/共18层,90.56,平层/精装,435.0,合生滨江帝景二期,通州,配备电梯,2023年11月12日,普通住宅,48035
2室1厅,中楼层/共14层,70,平层/精装,378.0,新通国际花园,通州,配备电梯,2023年11月30日,普通住宅,54000
2室2厅,中楼层/共6层,102.12,平层/简装,330.0,云景里,通州,无,2023年11月13日,普通住宅,32315
2室1厅,中楼层/共22层,56.81,平层/精装,205.0,房地远洋悦山水,通州,配备电梯,2023年11月16日,普通住宅,36086
1室1厅,中楼层/共10层,59.98,平层/简装,239.0,时尚街区西区,通州,配备电梯,2023年11月11日,普通住宅,39847
2室1厅,顶层/共6层,84.01,平层/精装,319.0,格兰晴天,通州,无,2023年11月11日,普通住宅,37972
3室2厅,高楼层/共12层,115.95,平层/简装,615.0,加华印象街,通州,配备电梯,2023年11月10日,普通住宅,53041
2室1厅,中楼层/共15层,88.99,平层/精装,342.0,金隅七零九零,通州,配备电梯,2023年11月11日,普通住宅,38432
2室1厅,中楼层/共20层,79.06,平层/简装,245.0,东亚瑞晶苑,通州,配备电梯,2023年11月09日,普通住宅,30990
2室1厅,中楼层/共6层,80.76,平层/精装,280.0,芳洲花园,通州,无,2023年11月09日,普通住宅,34671
2室1厅,顶层/共14层,90.92,平层/精装,245.0,珠江逸景,通州,配备电梯,2023年11月08日,普通住宅,26947
2室1厅,低楼层/共6层,75.34,平层/精装,300.0,华兴园,通州,无,2023年11月10日,普通住宅,39820
3室2厅,低楼层/共29层,143.98,平层/简装,479.0,京贸国际公寓,通州,配备电梯,2023年11月07日,普通住宅,33269
2室2厅,中楼层/共15层,94.74,平层/简装,278.0,珠江逸景,通州,配备电梯,2023年11月06日,普通住宅,29344
1室1厅,中楼层/共21层,69.73,平层/精装,480.0,帅府园二期,通州,配备电梯,2023年11月08日,普通住宅,68837
3室1厅,高楼层/共9层,131.52,错层/简装,738.0,BOBO自由城,通州,配备电梯,2023年11月08日,普通住宅,56114
1室0厅,中楼层/共22层,46.05,平层/简装,168.0,长城国际,通州,配备电梯,2023年11月07日,普通住宅,36483
2室2厅,中楼层/共25层,99.77,平层/精装,625.0,运河湾北区,通州,配备电梯,2023年11月12日,普通住宅,62645
2室1厅,低楼层/共10层,76.45,平层/精装,269.0,珠江丽景家园,通州,配备电梯,2023年11月06日,普通住宅,35187
2室2厅,高楼层/共18层,84.2,平层/简装,290.0,富力惠兰美居,通州,配备电梯,2023年11月11日,普通住宅,34442
2室1厅,中楼层/共18层,92.13,平层/简装,610.0,万方家园,通州,配备电梯,2023年11月08日,普通住宅,66211
1室1厅,底层/共5层,43.85,平层/精装,205.0,美然百度城,通州,无,2023年11月05日,普通住宅,46751
1室1厅,低楼层/共6层,55.68,平层/简装,190.0,小潞邑,通州,无,2023年11月05日,普通住宅,34124
2室1厅,中楼层/共28层,74.42,平层/精装,280.0,河畔丽景,通州,配备电梯,2023年11月05日,普通住宅,37625
2室1厅,中楼层/共22层,89.55,平层/精装,525.0,富力金禧花园,通州,配备电梯,2023年11月05日,普通住宅,58627
3室2厅,高楼层/共21层,105.7,平层/精装,389.0,房地远洋悦山水,通州,无,2023年11月17日,普通住宅,36803
2室1厅,顶层/共15层,70.74,平层/精装,265.0,金隅七零九零,通州,配备电梯,2023年11月08日,普通住宅,37462
2室1厅,中楼层/共7层,90.47,平层/精装,415.0,新华联家园北区,通州,无,2023年11月04日,普通住宅,45872
2室1厅,高楼层/共7层,76.03,平层/精装,245.0,梨花园,通州,无,2023年11月03日,普通住宅,32225
2室1厅,低楼层/共6层,57.82,平层/简装,215.0,通惠南路甲1号院,通州,无,2023年11月29日,普通住宅,37185
3室1厅,中楼层/共6层,159.08,平层/简装,720.0,瑞都公园世家北区,通州,配备电梯,2023年11月18日,普通住宅,45261
3室1厅,底层/共5层,75.48,平层/精装,330.0,红旗家属院,通州,无,2023年11月06日,普通住宅,43721
2室1厅,高楼层/共22层,90.03,平层/精装,295.0,大方居,通州,配备电梯,2023年11月03日,普通住宅,32767
2室1厅,中楼层/共6层,92.29,平层/简装,358.0,映翠居,通州,无,2023年11月04日,普通住宅,38791
1室1厅,底层/共12层,76.6,平层/其他,329.0,当代名筑,通州,配备电梯,2023年11月02日,普通住宅,42951
2室1厅,底层/共10层,64.87,平层/精装,175.0,东亚印象台湖,通州,配备电梯,2023年11月13日,普通住宅,26978
2室1厅,高楼层/共29层,75.47,平层/简装,325.0,京贸家园,通州,配备电梯,2023年11月01日,普通住宅,43064
2室1厅,低楼层/共22层,87.94,平层/精装,279.0,大方居,通州,配备电梯,2023年11月02日,普通住宅,31727
2室1厅,顶层/共6层,67.88,平层/精装,239.0,桃花岛,通州,无,2023年11月01日,普通住宅,35210
2室1厅,中楼层/共27层,75.86,平层/精装,375.0,华业东方玫瑰A区,通州,配备电梯,2023年11月11日,普通住宅,49434
1室1厅,中楼层/共11层,65.64,平层/简装,249.0,DBC加州小镇,通州,配备电梯,2023年11月18日,普通住宅,37935
1室1厅,中楼层/共6层,56.58,平层/精装,198.0,新海北里,通州,无,2023年11月02日,普通住宅,34995
2室1厅,高楼层/共6层,62.14,平层/简装,202.0,探矿家属院,通州,无,2023年11月16日,普通住宅,32508
2室1厅,中楼层/共6层,87.39,平层/简装,309.0,中泽雅园,通州,无,2023年11月02日,普通住宅,35359
1室1厅,中楼层/共21层,63.11,平层/精装,205.0,东亚瑞晶苑,通州,配备电梯,2023年11月01日,普通住宅,32483
2室1厅,底层/共6层,61.95,平层/精装,245.0,梨园东里,通州,无,2023年11月04日,普通住宅,39549
2室1厅,中楼层/共19层,84.66,平层/精装,350.0,时尚街区东区,通州,配备电梯,2023年11月01日,普通住宅,41342
2室1厅,低楼层/共21层,78.64,平层/精装,262.0,东亚瑞晶苑,通州,配备电梯,2023年10月30日,普通住宅,33317
3室1厅,中楼层/共11层,88.19,平层/其他,430.0,润枫领尚,通州,配备电梯,2023年10月30日,普通住宅,48759
2室1厅,低楼层/共27层,89.7,平层/精装,408.0,华业东方玫瑰D区,通州,配备电梯,2023年10月29日,普通住宅,45485
2室1厅,中楼层/共7层,85.54,平层/精装,370.0,西上园四区,通州,无,2023年10月30日,普通住宅,43255
2室1厅,中楼层/共18层,84.43,平层/精装,479.0,泰禾拾景园,通州,配备电梯,2023年11月02日,普通住宅,56734
2室1厅,低楼层/共22层,89.99,平层/精装,245.0,大方居,通州,配备电梯,2023年11月02日,普通住宅,27226
2室1厅,高楼层/共27层,80.2,平层/精装,375.0,北人家园,通州,配备电梯,2023年10月29日,普通住宅,46759
2室1厅,中楼层/共6层,92.24,平层/精装,338.0,华馨园,通州,无,2023年10月28日,普通住宅,36644
2室1厅,低楼层/共11层,88.7,平层/精装,382.0,运乔嘉园,通州,配备电梯,2023年11月01日,普通住宅,43067
3室1厅,中楼层/共6层,122.5,平层/简装,419.0,云景里,通州,无,2023年10月29日,普通住宅,34205
2室1厅,低楼层/共35层,91.71,平层/精装,465.0,京贸国际城,通州,配备电梯,2023年10月28日,普通住宅,50704
2室1厅,低楼层/共27层,90.01,平层/简装,358.0,通景园,通州,配备电梯,2023年10月28日,普通住宅,39774
2室1厅,低楼层/共10层,76.55,平层/简装,308.0,珠江丽景家园,通州,配备电梯,2023年10月26日,普通住宅,40236
3室2厅,低楼层/共35层,137.24,平层/精装,699.0,京贸国际城,通州,配备电梯,2023年10月26日,普通住宅,50933
2室1厅,低楼层/共14层,90.28,平层/精装,445.0,新通国际花园,通州,配备电梯,2023年10月26日,普通住宅,49292
2室1厅,高楼层/共6层,94,平层/简装,265.0,云景西里南区,通州,无,2023年10月29日,普通住宅,28192
2室1厅,中楼层/共20层,76.46,平层/简装,237.0,东亚瑞晶苑,通州,配备电梯,2023年10月27日,普通住宅,30997
3室1厅,低楼层/共18层,89.82,平层/精装,345.0,融科香雪兰溪,通州,配备电梯,2023年10月26日,普通住宅,38411
1室0厅,高楼层/共24层,44.82,平层/精装,162.0,苏荷时代,通州,配备电梯,2023年10月25日,普通住宅,36145
2室1厅,中楼层/共11层,87.64,平层/精装,305.0,大方居,通州,配备电梯,2023年10月25日,普通住宅,34802
2室1厅,低楼层/共18层,107.84,平层/精装,385.0,次渠北里一区,通州,配备电梯,2023年10月25日,普通住宅,35702
3室1厅,低楼层/共6层,110.75,平层/简装,415.0,阿尔法社区三期,通州,无,2023年10月23日,普通住宅,37472
2室1厅,底层/共6层,73.98,平层/简装,255.0,华龙小区,通州,无,2023年10月23日,普通住宅,34469
2室1厅,顶层/共6层,60.25,平层/简装,175.0,杨庄北街4号院,通州,无,2023年10月22日,普通住宅,29046
1室1厅,高楼层/共15层,56.31,平层/简装,158.0,富力尚悦居D区,通州,配备电梯,2023年11月02日,普通住宅,28059
2室1厅,顶层/共5层,57.24,平层/简装,199.0,玉桥北里,通州,无,2023年10月22日,普通住宅,34766
3室1厅,中楼层/共6层,71.64,平层/简装,256.0,云景西里南区,通州,无,2023年10月25日,普通住宅,35735
3室2厅,中楼层/共18层,144.98,平层/简装,680.0,世纪星城三期,通州,配备电梯,2023年10月22日,普通住宅,46904
2室1厅,中楼层/共6层,68.3,平层/精装,286.0,玉桥南里,通州,无,2023年10月25日,普通住宅,41875
1室1厅,低楼层/共27层,40.11,平层/精装,185.0,K2清水湾,通州,配备电梯,2023年10月20日,普通住宅,46124
1室0厅,高楼层/共27层,33.31,平层/简装,159.0,华业东方玫瑰A区,通州,配备电梯,2023年10月20日,普通住宅,47734
2室1厅,中楼层/共15层,89.2,平层/精装,319.0,大方居,通州,配备电梯,2023年10月19日,普通住宅,35763
2室1厅,中楼层/共7层,83.6,平层/精装,220.0,神龙辛屯小区,通州,无,2023年10月19日,普通住宅,26316
2室2厅,中楼层/共15层,97.03,平层/精装,270.0,珠江逸景,通州,配备电梯,2023年12月07日,普通住宅,27827
3室2厅,中楼层/共8层,88.12,平层/精装,210.0,首开缇香郡,通州,配备电梯,2023年10月22日,普通住宅,23832
2室1厅,中楼层/共27层,56.21,平层/精装,219.0,华远铭悦园,通州,配备电梯,2023年10月20日,普通住宅,38962
2室1厅,中楼层/共28层,85.88,平层/精装,216.0,宏仁家园,通州,配备电梯,2023年10月20日,普通住宅,25152
2室1厅,高楼层/共11层,86.94,平层/精装,318.0,巴克摩界,通州,配备电梯,2023年10月23日,普通住宅,36577
3室1厅,中楼层/共6层,104.85,平层/简装,271.0,四海公寓,通州,无,2023年10月18日,普通住宅,25847
2室1厅,中楼层/共6层,82.49,平层/精装,315.0,怡乐北街,通州,无,2023年10月19日,普通住宅,38187
3室1厅,中楼层/共5层,69.2,平层/精装,290.0,新城东里,通州,无,2023年10月21日,普通住宅,41908
2室1厅,高楼层/共14层,90.71,平层/精装,381.0,DBC加州小镇C区,通州,配备电梯,2023年10月24日,普通住宅,42002
2室1厅,高楼层/共20层,81.63,平层/简装,555.0,百合湾东区,通州,配备电梯,2023年10月18日,普通住宅,67990
2室2厅,高楼层/共10层,100.19,平层/精装,388.0,珠江拉维小镇,通州,配备电梯,2023年10月19日,普通住宅,38727
2室2厅,高楼层/共24层,89.75,平层/精装,425.0,海棠湾一期,通州,配备电梯,2023年10月17日,普通住宅,47354
3室1厅,高楼层/共26层,142.08,平层/精装,880.0,京贸国际城,通州,配备电梯,2023年10月17日,普通住宅,61937
3室2厅,低楼层/共6层,104.95,平层/精装,516.0,格兰晴天,通州,无,2023年10月19日,普通住宅,49167
3室1厅,高楼层/共18层,89.25,平层/毛坯,375.0,金地格林格林,通州,配备电梯,2023年11月13日,普通住宅,42017
1室1厅,低楼层/共16层,53.16,平层/精装,188.0,首开国风美仑,通州,配备电梯,2023年10月16日,普通住宅,35365
3室2厅,高楼层/共6层,124.76,平层/简装,425.0,天赐良园东三期A区,通州,无,2023年11月19日,普通住宅,34066
2室1厅,高楼层/共27层,89.79,平层/简装,338.0,通景园,通州,配备电梯,2023年10月17日,普通住宅,37644
2室1厅,中楼层/共32层,107.69,平层/精装,435.0,北京ONE,通州,配备电梯,2023年10月18日,普通住宅,40394
3室1厅,中楼层/共6层,73.26,平层/简装,278.0,葛布店北里,通州,无,2023年10月17日,普通住宅,37948
2室1厅,中楼层/共35层,92.37,平层/简装,507.0,京贸国际城,通州,配备电梯,2023年10月15日,普通住宅,54888
3室2厅,中楼层/共6层,142.13,平层/精装,660.0,当代名筑,通州,无,2023年10月14日,普通住宅,46437
2室1厅,中楼层/共22层,88.49,平层/精装,279.0,大方居,通州,配备电梯,2023年10月17日,普通住宅,31529
3室2厅,低楼层/共16层,120.25,平层/精装,435.0,首开国风美仑,通州,配备电梯,2023年10月18日,普通住宅,36175
2室1厅,中楼层/共11层,94.22,平层/简装,393.0,运乔嘉园,通州,配备电梯,2023年10月14日,普通住宅,41711
3室2厅,中楼层/共18层,130.14,平层/精装,615.0,月季园,通州,配备电梯,2023年10月13日,普通住宅,47257
2室1厅,低楼层/共6层,67.72,平层/精装,235.0,通惠小区,通州,无,2023年10月15日,普通住宅,34702
2室2厅,中楼层/共6层,99.26,平层/简装,467.0,BOBO自由城,通州,无,2023年10月15日,普通住宅,47049
3室1厅,低楼层/共6层,95.85,平层/简装,388.0,玉桥南里,通州,无,2023年10月13日,普通住宅,40480
1室0厅,低楼层/共22层,49.86,平层/精装,152.0,长城国际,通州,配备电梯,2023年10月12日,普通住宅,30486
3室1厅,高楼层/共21层,92.47,平层/精装,333.0,富力惠兰美居,通州,配备电梯,2023年10月14日,普通住宅,36012
3室1厅,高楼层/共10层,95.56,平层/简装,330.0,珠江丽景家园,通州,配备电梯,2023年10月13日,普通住宅,34534
3室2厅,中楼层/共35层,117.17,平层/精装,659.0,京贸国际城,通州,配备电梯,2023年10月14日,普通住宅,56244
1室1厅,高楼层/共6层,63.59,平层/简装,208.0,自然佳境,通州,无,2023年10月14日,普通住宅,32710
3室1厅,低楼层/共27层,91.67,平层/精装,455.0,华业东方玫瑰A区,通州,配备电梯,2023年10月11日,普通住宅,49635
3室1厅,低楼层/共28层,90.71,平层/精装,365.0,通瑞嘉苑西区,通州,配备电梯,2023年10月11日,普通住宅,40239
2室2厅,高楼层/共28层,76.81,平层/简装,318.0,通瑞嘉苑西区,通州,配备电梯,2023年10月11日,普通住宅,41401
2室1厅,中楼层/共6层,70.35,平层/简装,230.0,源泉苑,通州,无,2023年10月24日,普通住宅,32694
2室1厅,高楼层/共24层,88.8,平层/精装,585.0,富力金禧花园,通州,配备电梯,2023年10月15日,普通住宅,65879
2室1厅,中楼层/共13层,93.45,平层/简装,375.0,新城阳光,通州,配备电梯,2023年10月10日,普通住宅,40129
1室1厅,中楼层/共18层,61.63,平层/简装,248.0,月季园,通州,配备电梯,2023年10月10日,普通住宅,40241
2室1厅,中楼层/共6层,89.58,平层/精装,365.0,阿尔法社区,通州,无,2023年10月09日,普通住宅,40746
3室1厅,高楼层/共25层,94.29,平层/精装,449.0,华业东方玫瑰D区,通州,配备电梯,2023年10月09日,普通住宅,47620
2室1厅,中楼层/共27层,71.56,平层/精装,440.0,金融街武夷融御,通州,配备电梯,2023年10月12日,普通住宅,61487
1室0厅,高楼层/共24层,63.72,平层/其他,225.0,京贸中心,通州,配备电梯,2023年10月11日,普通住宅,35311
2室1厅,低楼层/共28层,85.88,平层/简装,229.0,宏仁家园,通州,配备电梯,2023年10月12日,普通住宅,26666
3室1厅,中楼层/共17层,122.21,平层/精装,626.0,新通国际花园,通州,配备电梯,2023年10月08日,普通住宅,51224
2室1厅,中楼层/共4层,68.95,平层/简装,209.0,北机家属院,通州,无,2023年10月16日,普通住宅,30312
2室1厅,中楼层/共28层,79.46,平层/简装,329.0,新城嘉园,通州,配备电梯,2023年10月13日,普通住宅,41405
2室1厅,低楼层/共28层,89.72,平层/精装,330.0,东惠家园,通州,配备电梯,2023年10月07日,普通住宅,36782
2室1厅,底层/共6层,79.62,平层/简装,295.0,东营前街,通州,无,2023年10月08日,普通住宅,37051
2室1厅,中楼层/共10层,72.04,平层/精装,397.0,京贸国际城,通州,配备电梯,2023年10月07日,普通住宅,55109
2室1厅,低楼层/共6层,80.44,平层/简装,339.0,葛布店东里,通州,无,2023年10月09日,普通住宅,42144
2室1厅,低楼层/共21层,76.57,平层/精装,265.0,东亚瑞晶苑,通州,配备电梯,2023年10月08日,普通住宅,34609
2室1厅,低楼层/共6层,82.21,平层/简装,339.0,北苑135号院,通州,无,2023年10月12日,普通住宅,41236
2室1厅,中楼层/共6层,61.61,平层/精装,199.0,艺苑东街8号院,通州,无,2023年10月10日,普通住宅,32300
2室1厅,高楼层/共11层,89.77,平层/简装,399.0,加华印象街,通州,配备电梯,2023年10月07日,普通住宅,44447
3室2厅,中楼层/共7层,141.05,平层/精装,564.0,翠屏北里西区,通州,无,2023年10月06日,普通住宅,39986
2室1厅,低楼层/共6层,57.15,平层/简装,190.0,果园225号旁门,通州,无,2023年10月14日,普通住宅,33246
2室1厅,高楼层/共21层,93.85,平层/精装,398.0,新通国际花园,通州,配备电梯,2023年10月06日,普通住宅,42409
1室1厅,高楼层/共28层,46.29,平层/简装,147.0,富力惠兰美居,通州,配备电梯,2023年11月02日,普通住宅,31757
3室2厅,中楼层/共13层,140.89,平层/其他,620.0,时尚街区东区,通州,配备电梯,2023年10月07日,普通住宅,44006
2室1厅,中楼层/共14层,91.07,平层/精装,386.0,DBC加州小镇C区,通州,配备电梯,2023年10月15日,普通住宅,42385
3室2厅,低楼层/共11层,124.7,错层/精装,469.0,DBC加州小镇,通州,配备电梯,2023年10月04日,普通住宅,37611
2室1厅,高楼层/共15层,91.4,平层/简装,350.0,新城阳光,通州,配备电梯,2023年10月04日,普通住宅,38294
1室1厅,低楼层/共21层,50.5,平层/简装,192.0,玉桥东里,通州,配备电梯,2023年10月03日,普通住宅,38020
2室1厅,顶层/共6层,81.89,平层/精装,226.0,华龙小区,通州,无,2023年10月03日,普通住宅,27598
3室1厅,低楼层/共28层,93.75,平层/精装,359.0,新城乐居,通州,配备电梯,2023年10月27日,普通住宅,38294
2室2厅,中楼层/共18层,87.97,平层/精装,420.0,蓝调沙龙东区,通州,配备电梯,2023年10月03日,普通住宅,47744
2室2厅,中楼层/共27层,91.81,平层/精装,459.0,华业东方玫瑰C区,通州,配备电梯,2023年10月07日,普通住宅,49995
3室1厅,高楼层/共27层,90.32,平层/精装,459.0,华业东方玫瑰C区,通州,配备电梯,2023年10月11日,普通住宅,50820
2室1厅,中楼层/共10层,89.79,平层/简装,348.0,时尚街区东区,通州,配备电梯,2023年10月11日,普通住宅,38758
3室1厅,低楼层/共10层,93.44,平层/简装,380.0,珠江丽景家园,通州,配备电梯,2023年10月08日,普通住宅,40668
3室1厅,中楼层/共27层,107.82,平层/精装,410.0,东惠家园4号院,通州,配备电梯,2023年10月04日,普通住宅,38027
2室1厅,高楼层/共16层,75.42,平层/精装,305.0,金地格林格林,通州,配备电梯,2023年10月03日,普通住宅,40441
1室1厅,低楼层/共10层,50.89,平层/简装,205.0,8哩岛,通州,配备电梯,2023年10月05日,普通住宅,40283
1室1厅,顶层/共6层,67.77,平层/精装,245.0,桃花岛,通州,无,2023年09月28日,普通住宅,36152
2室1厅,高楼层/共11层,104.94,平层/简装,530.0,运河明珠,通州,配备电梯,2023年09月28日,普通住宅,50506
2室2厅,高楼层/共7层,91.82,平层/精装,320.0,达富苑,通州,无,2023年09月27日,普通住宅,34851
1室1厅,中楼层/共14层,52.2,平层/简装,158.0,富力尚悦居B区,通州,无,2023年09月30日,普通住宅,30269
2室2厅,低楼层/共9层,97.42,平层/精装,406.0,日光清城,通州,配备电梯,2023年09月27日,普通住宅,41676
2室1厅,中楼层/共18层,75.54,平层/精装,305.0,金地格林格林,通州,配备电梯,2023年09月28日,普通住宅,40376
1室1厅,低楼层/共30层,68.09,平层/精装,345.0,京贸国际城,通州,配备电梯,2023年09月30日,普通住宅,50669
3室2厅,顶层/共11层,137.69,平层/精装,486.0,日光清城,通州,配备电梯,2023年10月13日,普通住宅,35297
2室1厅,高楼层/共22层,84.55,平层/简装,368.0,海棠湾三期,通州,配备电梯,2023年09月26日,普通住宅,43525
2室1厅,中楼层/共13层,88.51,平层/简装,348.0,11站,通州,配备电梯,2023年10月09日,普通住宅,39318
2室1厅,低楼层/共6层,69.37,平层/精装,302.0,杨庄22号院,通州,无,2023年09月27日,普通住宅,43535
3室2厅,底层/共16层,88.79,平层/精装,306.0,首开国风美仑,通州,配备电梯,2023年09月26日,普通住宅,34464
2室1厅,低楼层/共15层,79.15,平层/精装,360.0,亦庄橡树湾,通州,配备电梯,2023年09月27日,普通住宅,45484
1室1厅,高楼层/共28层,57.08,平层/简装,288.0,华业东方玫瑰A区,通州,配备电梯,2023年09月30日,普通住宅,50456
2室2厅,中楼层/共6层,100.3,平层/简装,387.0,新城东里,通州,无,2023年09月27日,普通住宅,38585
2室1厅,高楼层/共15层,83.92,平层/精装,315.0,富力尚悦居A区,通州,配备电梯,2023年09月26日,普通住宅,37536
2室1厅,中楼层/共20层,76.03,平层/精装,260.0,融科钧廷,通州,配备电梯,2023年09月24日,普通住宅,34198
2室2厅,高楼层/共15层,90.59,平层/精装,345.0,天和嘉园,通州,配备电梯,2023年09月23日,普通住宅,38084
2室1厅,高楼层/共27层,90.33,平层/精装,430.0,华业东方玫瑰C区,通州,配备电梯,2023年10月11日,普通住宅,47604
2室1厅,中楼层/共6层,69.37,平层/简装,280.0,杨庄22号院,通州,无,2023年12月15日,普通住宅,40364
2室2厅,中楼层/共20层,92.18,平层/精装,439.0,海棠湾二期,通州,配备电梯,2023年09月27日,普通住宅,47625
2室1厅,低楼层/共7层,75.02,平层/简装,275.0,新潮嘉园一期,通州,无,2023年09月21日,普通住宅,36657
2室1厅,底层/共6层,60.17,平层/简装,208.0,永顺35号院,通州,无,2023年09月21日,普通住宅,34569
3室1厅,高楼层/共29层,87.32,平层/简装,399.0,京贸家园,通州,配备电梯,2023年10月15日,普通住宅,45694
1室1厅,高楼层/共29层,58.97,平层/简装,280.0,京贸家园,通州,配备电梯,2023年09月21日,普通住宅,47482
1室1厅,高楼层/共15层,43.74,平层/精装,165.0,长城国际,通州,配备电梯,2023年09月23日,普通住宅,37723
1室0厅,中楼层/共18层,42.35,平层/简装,178.0,苏荷时代,通州,配备电梯,2023年09月19日,普通住宅,42031
2室1厅,中楼层/共36层,115.87,平层/精装,455.0,北京ONE,通州,配备电梯,2023年09月20日,普通住宅,39269
3室2厅,底层/共12层,122.54,平层/精装,539.0,翠屏北里西区,通州,配备电梯,2023年09月18日,普通住宅,43986
2室1厅,低楼层/共7层,95.76,平层/简装,378.0,翠屏北里西区,通州,无,2023年09月19日,普通住宅,39474
2室1厅,中楼层/共5层,62.33,平层/精装,226.0,一世情园,通州,无,2023年09月17日,普通住宅,36259
2室1厅,低楼层/共27层,93,平层/精装,465.0,华业东方玫瑰C区,通州,配备电梯,2023年09月20日,普通住宅,50000
2室2厅,中楼层/共18层,99.14,平层/精装,465.0,世纪星城三期,通州,配备电梯,2023年09月22日,普通住宅,46904
2室1厅,中楼层/共22层,89.48,平层/精装,285.0,大方居,通州,配备电梯,2023年09月24日,普通住宅,31851
2室2厅,低楼层/共27层,97.22,平层/简装,405.0,海棠湾二期,通州,配备电梯,2023年09月17日,普通住宅,41659
3室1厅,高楼层/共29层,84.04,平层/精装,298.0,方恒东景,通州,配备电梯,2023年09月17日,普通住宅,35460
3室1厅,中楼层/共14层,93.03,平层/简装,342.0,首开国风美仑,通州,配备电梯,2023年09月20日,普通住宅,36763
2室2厅,中楼层/共6层,107.75,错层/精装,550.0,BOBO自由城,通州,无,2023年09月23日,普通住宅,51045
2室1厅,低楼层/共10层,89.52,平层/简装,379.0,时尚街区东区,通州,配备电梯,2023年10月23日,普通住宅,42337
2室2厅,中楼层/共13层,88.88,平层/精装,345.0,靓景明居,通州,配备电梯,2023年11月30日,普通住宅,38817
2室1厅,中楼层/共6层,90.36,平层/精装,350.0,梨园东里,通州,无,2023年09月15日,普通住宅,38734
2室1厅,低楼层/共9层,77.22,平层/精装,333.0,亦庄橡树湾,通州,配备电梯,2023年09月17日,普通住宅,43124
2室1厅,中楼层/共6层,79.23,平层/简装,278.0,阿尔法社区三期,通州,无,2023年09月14日,普通住宅,35088
2室1厅,低楼层/共35层,79.22,平层/简装,455.0,京贸国际城,通州,配备电梯,2023年09月14日,普通住宅,57435
2室1厅,顶层/共6层,61.19,平层/简装,197.0,杨庄72号院,通州,无,2023年09月13日,普通住宅,32195
2室1厅,中楼层/共27层,90.28,平层/精装,455.0,华业东方玫瑰D区,通州,配备电梯,2023年09月15日,普通住宅,50399
3室1厅,中楼层/共28层,84.7,平层/简装,280.0,怡然世家,通州,配备电梯,2023年09月19日,普通住宅,33058
1室0厅,低楼层/共11层,42.16,平层/简装,165.0,DBC加州小镇,通州,配备电梯,2023年09月20日,普通住宅,39137
2室2厅,中楼层/共10层,93.92,平层/简装,415.0,世纪星城,通州,配备电梯,2023年09月11日,普通住宅,44187
2室1厅,中楼层/共20层,90.09,平层/简装,499.0,龙湖蔚澜香醍,通州,配备电梯,2023年09月25日,普通住宅,55390
2室1厅,中楼层/共15层,98.04,平层/精装,265.0,珠江逸景,通州,配备电梯,2023年09月11日,普通住宅,27030
1室1厅,高楼层/共20层,53.31,平层/简装,189.0,长城国际,通州,配备电梯,2023年09月11日,普通住宅,35454
1室0厅,高楼层/共22层,50.78,平层/精装,169.0,长城国际,通州,配备电梯,2023年09月09日,普通住宅,33281
2室2厅,低楼层/共6层,86.97,平层/精装,359.0,杨庄22号院,通州,无,2023年09月14日,普通住宅,41279
2室1厅,高楼层/共6层,79.28,平层/精装,348.0,运河明珠,通州,无,2023年09月09日,普通住宅,43896
2室1厅,底层/共7层,104.79,平层/简装,330.0,富河园,通州,无,2023年09月09日,普通住宅,31492
2室1厅,高楼层/共15层,89.16,平层/精装,355.0,金隅七零九零,通州,配备电梯,2023年09月12日,普通住宅,39817
2室2厅,中楼层/共11层,109.95,平层/精装,438.0,日光清城,通州,配备电梯,2023年09月08日,普通住宅,39837
3室2厅,低楼层/共11层,95.43,平层/精装,420.0,亦庄橡树湾,通州,配备电梯,2023年11月18日,普通住宅,44012
2室1厅,高楼层/共25层,85,平层/精装,359.0,通典铭居,通州,配备电梯,2023年09月09日,普通住宅,42236
2室1厅,底层/共6层,93.25,平层/精装,340.0,旗舰凯旋二三期,通州,无,2023年09月09日,普通住宅,36462
2室1厅,低楼层/共15层,92.66,平层/精装,348.0,富力尚悦居A区,通州,配备电梯,2023年09月08日,普通住宅,37557
2室1厅,低楼层/共16层,73.8,平层/精装,253.0,首开国风美仑,通州,配备电梯,2023年09月08日,普通住宅,34282
2室1厅,中楼层/共6层,88.07,平层/精装,345.0,阿尔法社区二期,通州,无,2023年09月07日,普通住宅,39174
2室1厅,高楼层/共27层,89.9,平层/精装,545.0,K2玉蘭湾,通州,配备电梯,2023年09月07日,普通住宅,60623
2室1厅,中楼层/共20层,85.72,平层/精装,472.0,泰禾拾景园,通州,配备电梯,2023年09月08日,普通住宅,55063
2室1厅,低楼层/共27层,91.48,平层/精装,475.0,华业东方玫瑰C区,通州,配备电梯,2023年09月07日,普通住宅,51924
2室1厅,低楼层/共28层,87.93,平层/简装,228.0,宏仁家园,通州,配备电梯,2023年09月07日,普通住宅,25930
2室1厅,中楼层/共15层,74.7,平层/简装,220.0,富力尚悦居B区,通州,配备电梯,2023年09月07日,普通住宅,29452
2室1厅,低楼层/共21层,66.9,平层/简装,258.0,玉桥东里,通州,配备电梯,2023年09月11日,普通住宅,38566
3室2厅,中楼层/共20层,112.2,平层/精装,435.0,富力尚悦居A区,通州,配备电梯,2023年11月03日,普通住宅,38771
2室1厅,低楼层/共6层,73.97,平层/简装,259.0,葛布店东里,通州,无,2023年09月07日,普通住宅,35015
2室1厅,低楼层/共27层,73.9,平层/精装,262.0,华远铭悦园,通州,配备电梯,2023年09月06日,普通住宅,35454
1室1厅,中楼层/共29层,58.97,平层/精装,285.0,京贸家园,通州,配备电梯,2023年09月07日,普通住宅,48330
2室1厅,中楼层/共5层,56.41,平层/其他,169.0,北京胸科医院家属区,通州,无,2023年09月18日,普通住宅,29960
2室2厅,中楼层/共6层,94.58,平层/简装,348.0,华兴园,通州,无,2023年09月05日,普通住宅,36795
3室2厅,中楼层/共22层,89.24,平层/精装,319.0,中建雅颂居,通州,配备电梯,2023年09月05日,普通住宅,35747
2室1厅,低楼层/共6层,68.47,平层/精装,275.0,西果园小区,通州,无,2023年09月07日,普通住宅,40164
3室1厅,中楼层/共14层,99.45,平层/精装,299.0,珠江逸景,通州,配备电梯,2023年09月03日,普通住宅,30066
2室1厅,中楼层/共28层,70.28,平层/精装,319.0,新通国际花园,通州,配备电梯,2023年09月04日,普通住宅,45390
1室1厅,高楼层/共28层,49.68,平层/精装,169.0,富力惠兰美居,通州,配备电梯,2023年09月17日,普通住宅,34018
1室1厅,高楼层/共6层,58.61,平层/其他,208.0,莲水怡园,通州,无,2023年09月03日,普通住宅,35489
2室1厅,中楼层/共14层,85.46,平层/简装,239.0,合生世界村,通州,配备电梯,2023年09月17日,普通住宅,27967
3室2厅,顶层/共11层,111.43,平层/精装,425.0,站前巴黎,通州,配备电梯,2023年09月05日,普通住宅,38141
2室1厅,低楼层/共16层,78.24,平层/简装,315.0,北人家园,通州,配备电梯,2023年09月03日,普通住宅,40261
1室1厅,高楼层/共21层,57.99,平层/精装,268.0,新通国际花园,通州,配备电梯,2023年09月02日,普通住宅,46215
2室1厅,高楼层/共15层,73.74,平层/精装,218.0,富力尚悦居B区,通州,配备电梯,2023年09月04日,普通住宅,29564
2室1厅,低楼层/共12层,71.52,平层/精装,208.0,东亚印象台湖,通州,配备电梯,2023年09月03日,普通住宅,29083
3室1厅,中楼层/共21层,93.68,平层/精装,470.0,首开万科城市之光,通州,配备电梯,2023年09月02日,普通住宅,50171
2室1厅,底层/共6层,57.6,平层/简装,189.0,西营前街,通州,无,2023年09月04日,普通住宅,32813
1室1厅,中楼层/共35层,65.09,平层/精装,345.0,京贸国际城,通州,配备电梯,2023年09月20日,普通住宅,53004
2室1厅,高楼层/共18层,72.1,平层/精装,208.0,富力尚悦居D区,通州,配备电梯,2023年09月04日,普通住宅,28849
1室0厅,中楼层/共11层,45.62,平层/精装,173.0,巴克摩界,通州,配备电梯,2023年09月02日,普通住宅,37922
3室2厅,高楼层/共10层,91.3,平层/简装,525.0,金隅花石匠二期西区,通州,配备电梯,2023年09月03日,普通住宅,57503
2室1厅,中楼层/共14层,90.16,平层/精装,252.0,宏仁家园,通州,配备电梯,2023年09月03日,普通住宅,27951
2室1厅,顶层/共7层,105.53,错层/简装,430.0,日光清城,通州,配备电梯,2023年09月06日,普通住宅,40747
2室2厅,中楼层/共6层,90.07,平层/简装,289.0,翠福园,通州,无,2023年09月04日,普通住宅,32087
2室1厅,低楼层/共21层,76.57,平层/简装,270.0,东亚瑞晶苑,通州,配备电梯,2023年09月02日,普通住宅,35262
2室1厅,中楼层/共11层,83.09,平层/精装,283.0,融科钧廷,通州,配备电梯,2023年09月02日,普通住宅,34060
1室1厅,高楼层/共13层,49.31,平层/简装,224.0,时尚街区东区,通州,配备电梯,2023年08月31日,普通住宅,45427
2室1厅,中楼层/共11层,86.59,平层/精装,338.0,DBC加州小镇,通州,配备电梯,2023年09月04日,普通住宅,39035
2室1厅,高楼层/共7层,75.46,平层/精装,243.0,梨花园,通州,无,2023年09月02日,普通住宅,32203
2室1厅,中楼层/共21层,84.07,平层/精装,300.0,富力惠兰美居,通州,无,2023年09月09日,普通住宅,35685
2室1厅,中楼层/共28层,88.61,平层/简装,239.0,宏仁家园,通州,配备电梯,2023年09月07日,普通住宅,26973
2室1厅,顶层/共20层,82.09,平层/简装,285.0,时尚街区东区,通州,配备电梯,2023年08月30日,普通住宅,34718
2室1厅,中楼层/共11层,71.59,平层/精装,259.9,古韵新居,通州,配备电梯,2023年08月31日,普通住宅,36304
3室2厅,低楼层/共20层,88,平层/精装,690.0,百合湾东区,通州,配备电梯,2023年08月29日,普通住宅,78410
2室1厅,底层/共6层,81.69,平层/精装,290.0,芳洲花园,通州,无,2023年08月30日,普通住宅,35501
2室2厅,中楼层/共22层,79.83,平层/毛坯,113.0,十里春风,通州,无,2023年08月31日,普通住宅,14156
4室2厅,顶层/共11层,166.16,平层/简装,560.0,馨通家园,通州,配备电梯,2023年08月28日,普通住宅,33703
2室2厅,低楼层/共17层,98.63,平层/精装,445.0,世纪星城三期,通州,配备电梯,2023年08月28日,普通住宅,45119
3室1厅,低楼层/共3层,91.58,平层/简装,275.0,北京光学仪器厂家属院,通州,无,2023年08月27日,普通住宅,30029
2室1厅,高楼层/共28层,90.69,平层/精装,439.0,新通国际花园,通州,配备电梯,2023年08月29日,普通住宅,48407
1室0厅,低楼层/共16层,55.65,平层/精装,247.0,润枫领尚,通州,配备电梯,2023年08月26日,普通住宅,44385
2室2厅,顶层/共6层,68.95,平层/精装,256.0,新华小区,通州,无,2023年08月27日,普通住宅,37129
2室1厅,中楼层/共12层,70.99,平层/精装,217.0,东亚印象台湖,通州,配备电梯,2023年08月26日,普通住宅,30568
2室1厅,高楼层/共20层,67.67,平层/简装,248.0,时尚街区东区,通州,配备电梯,2023年09月03日,普通住宅,36649
3室2厅,中楼层/共29层,140.23,平层/精装,455.0,京贸国际公寓,通州,配备电梯,2023年08月24日,普通住宅,32447
1室1厅,中楼层/共28层,55.8,平层/精装,228.0,华远铭悦园,通州,配备电梯,2023年08月24日,普通住宅,40861
2室1厅,中楼层/共23层,101.58,平层/简装,410.0,怡佳家园,通州,配备电梯,2023年08月28日,普通住宅,40363
2室1厅,中楼层/共6层,60.04,平层/简装,216.0,水月院,通州,无,2023年08月22日,普通住宅,35977
2室1厅,中楼层/共6层,78.96,平层/精装,269.0,阿尔法社区三期,通州,无,2023年08月27日,普通住宅,34068
2室1厅,中楼层/共28层,89,平层/其他,239.0,宏仁家园,通州,配备电梯,2023年09月05日,普通住宅,26854
2室1厅,底层/共7层,67.11,平层/简装,265.0,西上园老三区,通州,无,2023年08月23日,普通住宅,39488
2室1厅,中楼层/共6层,86.45,平层/简装,290.0,自然佳境,通州,无,2023年08月28日,普通住宅,33546
2室1厅,中楼层/共21层,76.39,平层/精装,398.0,首开万科城市之光,通州,配备电梯,2023年09月11日,普通住宅,52102
2室1厅,顶层/共6层,52.91,平层/简装,175.0,西营前街,通州,无,2023年08月26日,普通住宅,33076
1室1厅,中楼层/共27层,60.97,平层/简装,268.0,海棠湾一期,通州,配备电梯,2023年08月19日,普通住宅,43957
3室2厅,低楼层/共14层,115.79,平层/简装,403.0,融科钧廷,通州,配备电梯,2023年08月18日,普通住宅,34805
2室1厅,高楼层/共20层,76.46,平层/简装,240.0,东亚瑞晶苑,通州,配备电梯,2023年08月17日,普通住宅,31389
2室1厅,底层/共6层,56.4,平层/精装,207.0,永顺西里,通州,无,2023年08月18日,普通住宅,36703
2室1厅,低楼层/共28层,66.86,平层/简装,219.0,富力惠兰美居,通州,配备电梯,2023年08月17日,普通住宅,32756
3室2厅,低楼层/共6层,123.7,平层/简装,520.0,运乔嘉园,通州,无,2023年08月16日,普通住宅,42038
2室1厅,低楼层/共29层,88.07,平层/精装,289.0,金隅通和园,通州,配备电梯,2023年08月16日,普通住宅,32815
2室1厅,低楼层/共15层,98.09,平层/精装,310.0,珠江逸景,通州,配备电梯,2023年08月17日,普通住宅,31604
3室2厅,中楼层/共15层,108.23,平层/精装,417.0,富力尚悦居A区,通州,配备电梯,2023年08月14日,普通住宅,38530
2室1厅,中楼层/共18层,78.28,平层/精装,268.0,苏荷时代,通州,配备电梯,2023年08月19日,普通住宅,34237
2室1厅,中楼层/共28层,74.99,平层/简装,250.0,华远铭悦园,通州,配备电梯,2023年08月12日,普通住宅,33338
2室1厅,中楼层/共6层,81.2,平层/简装,243.0,华龙小区,通州,无,2023年08月12日,普通住宅,29927
2室1厅,中楼层/共22层,87.63,平层/精装,595.0,富力金禧花园,通州,配备电梯,2023年08月10日,普通住宅,67900
3室2厅,中楼层/共25层,143.29,平层/精装,655.0,月季园,通州,配备电梯,2023年08月10日,普通住宅,45712
2室1厅,高楼层/共6层,58.64,平层/简装,204.0,云景西里南区,通州,无,2023年08月10日,普通住宅,34789
2室2厅,中楼层/共6层,111.61,平层/简装,349.0,华龙小区,通州,无,2023年08月07日,普通住宅,31270
2室1厅,高楼层/共27层,89.96,平层/精装,599.0,富力金禧花园,通州,配备电梯,2023年08月08日,普通住宅,66586
2室1厅,高楼层/共28层,93.11,平层/简装,413.0,华业东方玫瑰A区,通州,配备电梯,2023年08月07日,普通住宅,44357
2室1厅,中楼层/共6层,65.92,平层/精装,247.0,玉桥南里,通州,无,2023年08月20日,普通住宅,37470
2室1厅,中楼层/共5层,49.78,平层/精装,236.0,新城东里,通州,无,2023年08月30日,普通住宅,47409
2室2厅,低楼层/共28层,89.71,平层/简装,320.0,东惠家园,通州,配备电梯,2023年08月03日,普通住宅,35671
4室2厅,中楼层/共16层,161.4,平层/精装,819.0,华远铭悦,通州,配备电梯,2023年09月19日,普通住宅,50744
3室1厅,中楼层/共11层,111.43,平层/简装,428.0,站前巴黎,通州,配备电梯,2023年08月11日,普通住宅,38410
1室1厅,高楼层/共19层,58.48,平层/精装,212.0,时尚街区东区,通州,配备电梯,2023年08月11日,普通住宅,36252
2室1厅,中楼层/共26层,73.27,平层/精装,298.0,方恒东景,通州,配备电梯,2023年07月28日,普通住宅,40672
3室2厅,低楼层/共10层,144.15,平层/简装,585.0,金地格林6,通州,配备电梯,2023年08月27日,普通住宅,40583
2室2厅,高楼层/共35层,97.72,平层/简装,508.0,京贸国际城,通州,配备电梯,2023年07月27日,普通住宅,51986
2室1厅,高楼层/共7层,101.67,平层/精装,330.0,武夷花园牡丹园,通州,无,2023年07月27日,普通住宅,32458
2室1厅,高楼层/共18层,87.55,平层/精装,350.0,时尚街区东区,通州,配备电梯,2023年07月27日,普通住宅,39978
2室1厅,低楼层/共15层,96.37,平层/简装,246.0,珠江逸景,通州,配备电梯,2023年07月31日,普通住宅,25527
2室1厅,低楼层/共17层,74.17,平层/精装,388.0,首开万科城市之光,通州,配备电梯,2023年07月30日,普通住宅,52313
2室1厅,低楼层/共15层,91.68,平层/简装,285.0,大方居,通州,配备电梯,2023年08月14日,普通住宅,31087
1室1厅,中楼层/共27层,63.18,平层/简装,289.0,海棠湾一期,通州,配备电梯,2023年07月26日,普通住宅,45743
2室1厅,顶层/共6层,102.83,平层/简装,529.0,新通国际花园,通州,配备电梯,2023年08月20日,普通住宅,51445
1室1厅,高楼层/共24层,63.1,平层/简装,218.0,苏荷时代,通州,配备电梯,2023年07月29日,普通住宅,34549
2室2厅,高楼层/共28层,98.96,平层/精装,439.0,天时名苑,通州,配备电梯,2023年07月23日,普通住宅,44362
2室1厅,高楼层/共15层,85.09,平层/精装,252.0,宏仁家园,通州,配备电梯,2023年07月21日,普通住宅,29616
3室2厅,中楼层/共6层,116.8,平层/简装,465.0,武夷花园牡丹园,通州,无,2023年07月19日,普通住宅,39812
1室1厅,顶层/共28层,47.34,平层/精装,152.0,富力惠兰美居,通州,配备电梯,2023年07月17日,普通住宅,32109
1室1厅,高楼层/共11层,63.45,平层/精装,240.0,DBC加州小镇,通州,配备电梯,2023年07月21日,普通住宅,37826
2室2厅,低楼层/共7层,95.07,平层/精装,365.0,新华联家园南区,通州,无,2023年07月16日,普通住宅,38393
2室1厅,高楼层/共18层,87.78,平层/精装,439.0,华远铭悦,通州,配备电梯,2023年07月15日,普通住宅,50012
2室1厅,底层/共6层,89.91,平层/精装,405.0,光讯花园,通州,无,2023年07月16日,普通住宅,45046
2室1厅,中楼层/共10层,76.45,平层/简装,260.0,珠江丽景家园,通州,配备电梯,2023年07月17日,普通住宅,34010
3室1厅,高楼层/共27层,127.47,平层/简装,642.0,华业东方玫瑰D区,通州,配备电梯,2023年07月13日,普通住宅,50365
1室1厅,中楼层/共11层,68.73,平层/精装,222.0,新翠景园,通州,配备电梯,2023年07月16日,普通住宅,32301
2室1厅,高楼层/共12层,64.61,平层/精装,200.0,东亚印象台湖,通州,配备电梯,2023年07月13日,普通住宅,30955
3室2厅,低楼层/共15层,90.8,平层/精装,309.0,大方居,通州,配备电梯,2023年07月12日,普通住宅,34031
2室2厅,高楼层/共6层,81.71,平层/简装,299.0,杨庄22号院,通州,无,2023年07月15日,普通住宅,36593
3室1厅,高楼层/共6层,70.59,平层/简装,285.0,红旗家属院,通州,无,2023年07月09日,普通住宅,40374
1室1厅,低楼层/共11层,64.64,平层/精装,345.0,运河湾南区,通州,配备电梯,2023年07月17日,普通住宅,53373
2室2厅,中楼层/共20层,88.5,平层/精装,358.0,富力尚悦居A区,通州,配备电梯,2023年07月08日,普通住宅,40452
2室1厅,高楼层/共15层,73.3,平层/精装,231.0,首开国风美仑,通州,配备电梯,2023年07月08日,普通住宅,31515
1室0厅,高楼层/共11层,58.38,平层/精装,223.0,月亮城堡,通州,配备电梯,2023年07月07日,普通住宅,38199
2室1厅,顶层/共11层,88.22,平层/简装,290.0,大方居,通州,配备电梯,2023年07月11日,普通住宅,32873
3室2厅,中楼层/共10层,95.19,平层/精装,428.0,珠江丽景家园,通州,配备电梯,2023年07月04日,普通住宅,44963
2室1厅,高楼层/共26层,104.31,平层/简装,425.0,世纪星城三期,通州,配备电梯,2023年08月03日,普通住宅,40744
2室2厅,中楼层/共7层,85.4,平层/精装,351.0,西上园四区,通州,无,2023年07月12日,普通住宅,41101
3室1厅,低楼层/共15层,93.37,平层/精装,455.0,金隅花石匠二期西区,通州,配备电梯,2023年07月06日,普通住宅,48731
2室1厅,中楼层/共6层,68.97,平层/精装,283.0,西果园小区,通州,无,2023年07月02日,普通住宅,41033
1室1厅,高楼层/共29层,58.97,平层/简装,275.0,京贸家园,通州,配备电梯,2023年07月02日,普通住宅,46634
2室1厅,中楼层/共20层,78.64,平层/精装,280.0,东亚瑞晶苑,通州,配备电梯,2023年07月02日,普通住宅,35606
2室1厅,高楼层/共6层,71.49,平层/精装,218.0,西潞苑小区,通州,无,2023年10月03日,普通住宅,30494
2室1厅,低楼层/共20层,88.26,平层/简装,312.0,富力尚悦居C区,通州,配备电梯,2023年07月03日,普通住宅,35351
1室0厅,地下室/共15层,24.81,平层/简装,46.0,长桥园公寓,通州,配备电梯,2023年07月01日,普通住宅,18541
2室1厅,顶层/共6层,67.07,平层/精装,254.0,北苑135号院,通州,无,2023年06月29日,普通住宅,37871
2室1厅,底层/共13层,88.45,平层/简装,319.0,11站,通州,配备电梯,2023年06月28日,普通住宅,36066
2室1厅,低楼层/共6层,83.58,平层/精装,315.0,潞潮佳苑,通州,无,2023年06月28日,普通住宅,37689
2室2厅,顶层/共18层,89.49,平层/精装,459.0,合生滨江帝景一期,通州,配备电梯,2023年06月29日,普通住宅,51291
2室2厅,中楼层/共8层,89.51,平层/精装,305.0,首开香溪郡,通州,配备电梯,2023年06月27日,普通住宅,34075
2室1厅,中楼层/共6层,80.76,平层/精装,247.0,华龙小区,通州,无,2023年06月25日,普通住宅,30585
2室1厅,低楼层/共22层,84.7,平层/简装,258.0,大方居,通州,配备电梯,2023年06月26日,普通住宅,30461
2室1厅,中楼层/共21层,80.95,平层/精装,253.0,东亚瑞晶苑,通州,配备电梯,2023年06月18日,普通住宅,31254
2室1厅,高楼层/共6层,52.44,平层/简装,185.0,北苑135号院,通州,无,2023年06月21日,普通住宅,35279
2室1厅,高楼层/共16层,76.56,平层/简装,270.0,首开国风美仑,通州,配备电梯,2023年07月07日,普通住宅,35267
3室1厅,高楼层/共9层,86.56,平层/精装,289.0,大方居,通州,配备电梯,2023年06月16日,普通住宅,33388
4室1厅,高楼层/共27层,162.71,平层/精装,1030.0,K2玉蘭湾,通州,配备电梯,2023年06月14日,普通住宅,63303
2室1厅,底层/共6层,74.72,平层/简装,245.0,梨园东里,通州,无,2023年06月15日,普通住宅,32790
2室1厅,中楼层/共10层,76.61,平层/精装,270.0,珠江丽景家园,通州,配备电梯,2023年06月16日,普通住宅,35244
2室1厅,低楼层/共6层,80.85,平层/精装,285.0,复兴南里,通州,无,2023年06月22日,普通住宅,35251
4室2厅,低楼层/共20层,165.96,平层/精装,610.0,富力尚悦居A区,通州,配备电梯,2023年08月30日,普通住宅,36756
2室1厅,高楼层/共6层,62.16,平层/精装,228.0,梨花园,通州,无,2023年06月10日,普通住宅,36680
2室1厅,低楼层/共6层,80.77,平层/简装,254.0,玉桥南里,通州,无,2023年09月07日,普通住宅,31448
2室1厅,低楼层/共12层,73.3,平层/简装,325.0,花涧溪,通州,配备电梯,2023年06月06日,普通住宅,44339
2室1厅,高楼层/共14层,93.76,平层/其他,275.0,合生世界村,通州,配备电梯,2023年06月06日,普通住宅,29331
2室1厅,高楼层/共6层,63.63,平层/简装,290.0,新华西街,通州,无,2023年06月05日,普通住宅,45576
1室1厅,高楼层/共6层,66.84,平层/简装,200.0,新海北里,通州,无,2023年07月26日,普通住宅,29923
3室1厅,底层/共6层,69.73,平层/精装,299.0,玉桥北里,通州,无,2023年06月04日,普通住宅,42880
3室1厅,低楼层/共7层,108.68,平层/精装,368.0,果园西小区,通州,无,2023年06月04日,普通住宅,33861
2室1厅,低楼层/共16层,75.7,平层/精装,257.0,首开国风美仑,通州,配备电梯,2023年06月03日,普通住宅,33950
2室2厅,中楼层/共11层,81.66,平层/精装,200.0,首开缇香郡二期,通州,配备电梯,2023年06月05日,普通住宅,24492
1室1厅,中楼层/共19层,65.56,平层/精装,263.0,时尚街区东区,通州,配备电梯,2023年06月03日,普通住宅,40116
3室1厅,低楼层/共25层,94.29,平层/精装,479.0,华业东方玫瑰D区,通州,配备电梯,2023年06月03日,普通住宅,50801
2室2厅,顶层/共6层,79.26,平层/精装,210.0,云景西里南区,通州,无,2023年06月02日,普通住宅,26496
2室1厅,中楼层/共12层,105.29,平层/精装,400.0,久居雅园,通州,配备电梯,2023年06月02日,普通住宅,37991
2室1厅,顶层/共6层,81.69,错层/简装,273.0,华馨园,通州,无,2023年06月07日,普通住宅,33420
2室1厅,低楼层/共18层,74.48,平层/简装,345.0,京贸家园,通州,配备电梯,2023年05月29日,普通住宅,46322
3室1厅,高楼层/共6层,101.09,平层/简装,318.0,梨园东里,通州,无,2023年05月27日,普通住宅,31458
2室1厅,顶层/共6层,54.55,平层/其他,228.0,葛布店东里,通州,无,2023年05月29日,普通住宅,41797
2室1厅,高楼层/共6层,97.07,平层/简装,395.0,水仙园,通州,无,2023年05月26日,普通住宅,40693
1室0厅,低楼层/共24层,58.25,平层/简装,200.0,京贸中心,通州,配备电梯,2023年05月25日,普通住宅,34335
2室1厅,底层/共6层,66.71,平层/简装,225.0,华龙小区,通州,无,2023年05月26日,普通住宅,33729
3室2厅,中楼层/共8层,110.82,平层/简装,530.0,景馨家园,通州,配备电梯,2023年06月19日,普通住宅,47826
3室1厅,顶层/共6层,104.85,平层/其他,218.0,四海公寓,通州,无,2023年05月24日,普通住宅,20792
3室2厅,底层/共9层,124.19,错层/精装,650.0,BOBO自由城,通州,配备电梯,2023年05月20日,普通住宅,52340
2室1厅,中楼层/共20层,81.65,平层/简装,254.0,融科香雪兰溪,通州,配备电梯,2023年05月19日,普通住宅,31109
2室1厅,低楼层/共15层,94.43,平层/简装,368.0,新城阳光,通州,配备电梯,2023年05月18日,普通住宅,38971
